stem,scene_type,confidence,method,needs_review,depth,rgb
00000_depth,scene_auto_04,0.066629,rgb_cluster,true,dataset/depth/00000_depth.png,dataset/rgb/00000_colors.png
00001_depth,scene_auto_00,0.238823,rgb_cluster,false,dataset/depth/00001_depth.png,dataset/rgb/00001_colors.png
00008_depth,scene_auto_04,0.081537,rgb_cluster,true,dataset/depth/00008_depth.png,dataset/rgb/00008_colors.png
00013_depth,scene_auto_07,0.055564,rgb_cluster,true,dataset/depth/00013_depth.png,dataset/rgb/00013_colors.png
00014_depth,scene_auto_05,0.327847,rgb_cluster,false,dataset/depth/00014_depth.png,dataset/rgb/00014_colors.png
00015_depth,scene_auto_00,0.096330,rgb_cluster,true,dataset/depth/00015_depth.png,dataset/rgb/00015_colors.png
00016_depth,scene_auto_05,0.203587,rgb_cluster,false,dataset/depth/00016_depth.png,dataset/rgb/00016_colors.png
00017_depth,scene_auto_05,0.421990,rgb_cluster,false,dataset/depth/00017_depth.png,dataset/rgb/00017_colors.png
00020_depth,scene_auto_07,0.382890,rgb_cluster,false,dataset/depth/00020_depth.png,dataset/rgb/00020_colors.png
00027_depth,scene_auto_04,0.215937,rgb_cluster,false,dataset/depth/00027_depth.png,dataset/rgb/00027_colors.png
00028_depth,scene_auto_02,0.030015,rgb_cluster,true,dataset/depth/00028_depth.png,dataset/rgb/00028_colors.png
00029_depth,scene_auto_02,0.308402,rgb_cluster,false,dataset/depth/00029_depth.png,dataset/rgb/00029_colors.png
00030_depth,scene_auto_04,0.057742,rgb_cluster,true,dataset/depth/00030_depth.png,dataset/rgb/00030_colors.png
00031_depth,scene_auto_02,0.282938,rgb_cluster,false,dataset/depth/00031_depth.png,dataset/rgb/00031_colors.png
00032_depth,scene_auto_00,0.071798,rgb_cluster,true,dataset/depth/00032_depth.png,dataset/rgb/00032_colors.png
00033_depth,scene_auto_00,0.171551,rgb_cluster,false,dataset/depth/00033_depth.png,dataset/rgb/00033_colors.png
00034_depth,scene_auto_04,0.200482,rgb_cluster,false,dataset/depth/00034_depth.png,dataset/rgb/00034_colors.png
00035_depth,scene_auto_04,0.370628,rgb_cluster,false,dataset/depth/00035_depth.png,dataset/rgb/00035_colors.png
00036_depth,scene_auto_00,0.322451,rgb_cluster,false,dataset/depth/00036_depth.png,dataset/rgb/00036_colors.png
00037_depth,scene_auto_05,0.078689,rgb_cluster,true,dataset/depth/00037_depth.png,dataset/rgb/00037_colors.png
00038_depth,scene_auto_02,0.005932,rgb_cluster,true,dataset/depth/00038_depth.png,dataset/rgb/00038_colors.png
00039_depth,scene_auto_05,0.045213,rgb_cluster,true,dataset/depth/00039_depth.png,dataset/rgb/00039_colors.png
00040_depth,scene_auto_04,0.167498,rgb_cluster,false,dataset/depth/00040_depth.png,dataset/rgb/00040_colors.png
00041_depth,scene_auto_00,0.171814,rgb_cluster,false,dataset/depth/00041_depth.png,dataset/rgb/00041_colors.png
00042_depth,scene_auto_05,0.141836,rgb_cluster,true,dataset/depth/00042_depth.png,dataset/rgb/00042_colors.png
00045_depth,scene_auto_05,0.401473,rgb_cluster,false,dataset/depth/00045_depth.png,dataset/rgb/00045_colors.png
00046_depth,scene_auto_05,0.361084,rgb_cluster,false,dataset/depth/00046_depth.png,dataset/rgb/00046_colors.png
00055_depth,scene_auto_00,0.191651,rgb_cluster,false,dataset/depth/00055_depth.png,dataset/rgb/00055_colors.png
00056_depth,scene_auto_06,0.050213,rgb_cluster,true,dataset/depth/00056_depth.png,dataset/rgb/00056_colors.png
00058_depth,scene_auto_02,0.206262,rgb_cluster,false,dataset/depth/00058_depth.png,dataset/rgb/00058_colors.png
00059_depth,scene_auto_02,0.228809,rgb_cluster,false,dataset/depth/00059_depth.png,dataset/rgb/00059_colors.png
00060_depth,scene_auto_03,0.551277,rgb_cluster,false,dataset/depth/00060_depth.png,dataset/rgb/00060_colors.png
00061_depth,scene_auto_03,0.349181,rgb_cluster,false,dataset/depth/00061_depth.png,dataset/rgb/00061_colors.png
00062_depth,scene_auto_03,0.172660,rgb_cluster,false,dataset/depth/00062_depth.png,dataset/rgb/00062_colors.png
00075_depth,scene_auto_07,0.218640,rgb_cluster,false,dataset/depth/00075_depth.png,dataset/rgb/00075_colors.png
00076_depth,scene_auto_02,0.111700,rgb_cluster,true,dataset/depth/00076_depth.png,dataset/rgb/00076_colors.png
00077_depth,scene_auto_06,0.061080,rgb_cluster,true,dataset/depth/00077_depth.png,dataset/rgb/00077_colors.png
00078_depth,scene_auto_06,0.192709,rgb_cluster,false,dataset/depth/00078_depth.png,dataset/rgb/00078_colors.png
00083_depth,scene_auto_05,0.263713,rgb_cluster,false,dataset/depth/00083_depth.png,dataset/rgb/00083_colors.png
00084_depth,scene_auto_05,0.331411,rgb_cluster,false,dataset/depth/00084_depth.png,dataset/rgb/00084_colors.png
00085_depth,scene_auto_05,0.151037,rgb_cluster,false,dataset/depth/00085_depth.png,dataset/rgb/00085_colors.png
00086_depth,scene_auto_04,0.185683,rgb_cluster,false,dataset/depth/00086_depth.png,dataset/rgb/00086_colors.png
00087_depth,scene_auto_00,0.085453,rgb_cluster,true,dataset/depth/00087_depth.png,dataset/rgb/00087_colors.png
00088_depth,scene_auto_05,0.183774,rgb_cluster,false,dataset/depth/00088_depth.png,dataset/rgb/00088_colors.png
00089_depth,scene_auto_04,0.111437,rgb_cluster,true,dataset/depth/00089_depth.png,dataset/rgb/00089_colors.png
00090_depth,scene_auto_04,0.114700,rgb_cluster,true,dataset/depth/00090_depth.png,dataset/rgb/00090_colors.png
00116_depth,scene_auto_02,0.144845,rgb_cluster,true,dataset/depth/00116_depth.png,dataset/rgb/00116_colors.png
00117_depth,scene_auto_05,0.108410,rgb_cluster,true,dataset/depth/00117_depth.png,dataset/rgb/00117_colors.png
00118_depth,scene_auto_05,0.325878,rgb_cluster,false,dataset/depth/00118_depth.png,dataset/rgb/00118_colors.png
00124_depth,scene_auto_00,0.258248,rgb_cluster,false,dataset/depth/00124_depth.png,dataset/rgb/00124_colors.png
00125_depth,scene_auto_05,0.073643,rgb_cluster,true,dataset/depth/00125_depth.png,dataset/rgb/00125_colors.png
00126_depth,scene_auto_04,0.178770,rgb_cluster,false,dataset/depth/00126_depth.png,dataset/rgb/00126_colors.png
00127_depth,scene_auto_00,0.022980,rgb_cluster,true,dataset/depth/00127_depth.png,dataset/rgb/00127_colors.png
00128_depth,scene_auto_00,0.140818,rgb_cluster,true,dataset/depth/00128_depth.png,dataset/rgb/00128_colors.png
00130_depth,scene_auto_05,0.213864,rgb_cluster,false,dataset/depth/00130_depth.png,dataset/rgb/00130_colors.png
00131_depth,scene_auto_00,0.205587,rgb_cluster,false,dataset/depth/00131_depth.png,dataset/rgb/00131_colors.png
00132_depth,scene_auto_04,0.063322,rgb_cluster,true,dataset/depth/00132_depth.png,dataset/rgb/00132_colors.png
00133_depth,scene_auto_00,0.479698,rgb_cluster,false,dataset/depth/00133_depth.png,dataset/rgb/00133_colors.png
00136_depth,scene_auto_04,0.094896,rgb_cluster,true,dataset/depth/00136_depth.png,dataset/rgb/00136_colors.png
00152_depth,scene_auto_03,0.576273,rgb_cluster,false,dataset/depth/00152_depth.png,dataset/rgb/00152_colors.png
00153_depth,scene_auto_03,0.553845,rgb_cluster,false,dataset/depth/00153_depth.png,dataset/rgb/00153_colors.png
00154_depth,scene_auto_03,0.095406,rgb_cluster,true,dataset/depth/00154_depth.png,dataset/rgb/00154_colors.png
00166_depth,scene_auto_06,0.254689,rgb_cluster,false,dataset/depth/00166_depth.png,dataset/rgb/00166_colors.png
00167_depth,scene_auto_06,0.050277,rgb_cluster,true,dataset/depth/00167_depth.png,dataset/rgb/00167_colors.png
00168_depth,scene_auto_06,0.246633,rgb_cluster,false,dataset/depth/00168_depth.png,dataset/rgb/00168_colors.png
00170_depth,scene_auto_04,0.197284,rgb_cluster,false,dataset/depth/00170_depth.png,dataset/rgb/00170_colors.png
00171_depth,scene_auto_00,0.075231,rgb_cluster,true,dataset/depth/00171_depth.png,dataset/rgb/00171_colors.png
00172_depth,scene_auto_07,0.029258,rgb_cluster,true,dataset/depth/00172_depth.png,dataset/rgb/00172_colors.png
00173_depth,scene_auto_01,0.140007,rgb_cluster,true,dataset/depth/00173_depth.png,dataset/rgb/00173_colors.png
00174_depth,scene_auto_01,0.254984,rgb_cluster,false,dataset/depth/00174_depth.png,dataset/rgb/00174_colors.png
00175_depth,scene_auto_00,0.169124,rgb_cluster,false,dataset/depth/00175_depth.png,dataset/rgb/00175_colors.png
00179_depth,scene_auto_00,0.386739,rgb_cluster,false,dataset/depth/00179_depth.png,dataset/rgb/00179_colors.png
00180_depth,scene_auto_01,0.280661,rgb_cluster,false,dataset/depth/00180_depth.png,dataset/rgb/00180_colors.png
00181_depth,scene_auto_01,0.327383,rgb_cluster,false,dataset/depth/00181_depth.png,dataset/rgb/00181_colors.png
00182_depth,scene_auto_05,0.311258,rgb_cluster,false,dataset/depth/00182_depth.png,dataset/rgb/00182_colors.png
00183_depth,scene_auto_01,0.139054,rgb_cluster,true,dataset/depth/00183_depth.png,dataset/rgb/00183_colors.png
00184_depth,scene_auto_01,0.086850,rgb_cluster,true,dataset/depth/00184_depth.png,dataset/rgb/00184_colors.png
00185_depth,scene_auto_01,0.214952,rgb_cluster,false,dataset/depth/00185_depth.png,dataset/rgb/00185_colors.png
00186_depth,scene_auto_01,0.180644,rgb_cluster,false,dataset/depth/00186_depth.png,dataset/rgb/00186_colors.png
00187_depth,scene_auto_06,0.089516,rgb_cluster,true,dataset/depth/00187_depth.png,dataset/rgb/00187_colors.png
00188_depth,scene_auto_04,0.232012,rgb_cluster,false,dataset/depth/00188_depth.png,dataset/rgb/00188_colors.png
00189_depth,scene_auto_06,0.133410,rgb_cluster,true,dataset/depth/00189_depth.png,dataset/rgb/00189_colors.png
00190_depth,scene_auto_07,0.274108,rgb_cluster,false,dataset/depth/00190_depth.png,dataset/rgb/00190_colors.png
00191_depth,scene_auto_02,0.090351,rgb_cluster,true,dataset/depth/00191_depth.png,dataset/rgb/00191_colors.png
00192_depth,scene_auto_02,0.032060,rgb_cluster,true,dataset/depth/00192_depth.png,dataset/rgb/00192_colors.png
00193_depth,scene_auto_00,0.284569,rgb_cluster,false,dataset/depth/00193_depth.png,dataset/rgb/00193_colors.png
00194_depth,scene_auto_05,0.132967,rgb_cluster,true,dataset/depth/00194_depth.png,dataset/rgb/00194_colors.png
00195_depth,scene_auto_05,0.142587,rgb_cluster,true,dataset/depth/00195_depth.png,dataset/rgb/00195_colors.png
00196_depth,scene_auto_05,0.099979,rgb_cluster,true,dataset/depth/00196_depth.png,dataset/rgb/00196_colors.png
00197_depth,scene_auto_02,0.332996,rgb_cluster,false,dataset/depth/00197_depth.png,dataset/rgb/00197_colors.png
00198_depth,scene_auto_06,0.019328,rgb_cluster,true,dataset/depth/00198_depth.png,dataset/rgb/00198_colors.png
00199_depth,scene_auto_01,0.126048,rgb_cluster,true,dataset/depth/00199_depth.png,dataset/rgb/00199_colors.png
00200_depth,scene_auto_01,0.188112,rgb_cluster,false,dataset/depth/00200_depth.png,dataset/rgb/00200_colors.png
00201_depth,scene_auto_01,0.134209,rgb_cluster,true,dataset/depth/00201_depth.png,dataset/rgb/00201_colors.png
00206_depth,scene_auto_00,0.085678,rgb_cluster,true,dataset/depth/00206_depth.png,dataset/rgb/00206_colors.png
00207_depth,scene_auto_03,0.085500,rgb_cluster,true,dataset/depth/00207_depth.png,dataset/rgb/00207_colors.png
00208_depth,scene_auto_06,0.134494,rgb_cluster,true,dataset/depth/00208_depth.png,dataset/rgb/00208_colors.png
00209_depth,scene_auto_06,0.057905,rgb_cluster,true,dataset/depth/00209_depth.png,dataset/rgb/00209_colors.png
00210_depth,scene_auto_01,0.196025,rgb_cluster,false,dataset/depth/00210_depth.png,dataset/rgb/00210_colors.png
00211_depth,scene_auto_07,0.293594,rgb_cluster,false,dataset/depth/00211_depth.png,dataset/rgb/00211_colors.png
00219_depth,scene_auto_05,0.102187,rgb_cluster,true,dataset/depth/00219_depth.png,dataset/rgb/00219_colors.png
00220_depth,scene_auto_00,0.143272,rgb_cluster,true,dataset/depth/00220_depth.png,dataset/rgb/00220_colors.png
00221_depth,scene_auto_00,0.331886,rgb_cluster,false,dataset/depth/00221_depth.png,dataset/rgb/00221_colors.png
00249_depth,scene_auto_07,0.275988,rgb_cluster,false,dataset/depth/00249_depth.png,dataset/rgb/00249_colors.png
00263_depth,scene_auto_01,0.067696,rgb_cluster,true,dataset/depth/00263_depth.png,dataset/rgb/00263_colors.png
00270_depth,scene_auto_00,0.029225,rgb_cluster,true,dataset/depth/00270_depth.png,dataset/rgb/00270_colors.png
00271_depth,scene_auto_01,0.161954,rgb_cluster,false,dataset/depth/00271_depth.png,dataset/rgb/00271_colors.png
00272_depth,scene_auto_05,0.179206,rgb_cluster,false,dataset/depth/00272_depth.png,dataset/rgb/00272_colors.png
00278_depth,scene_auto_06,0.218581,rgb_cluster,false,dataset/depth/00278_depth.png,dataset/rgb/00278_colors.png
00279_depth,scene_auto_06,0.120143,rgb_cluster,true,dataset/depth/00279_depth.png,dataset/rgb/00279_colors.png
00280_depth,scene_auto_02,0.142114,rgb_cluster,true,dataset/depth/00280_depth.png,dataset/rgb/00280_colors.png
00281_depth,scene_auto_06,0.175513,rgb_cluster,false,dataset/depth/00281_depth.png,dataset/rgb/00281_colors.png
00282_depth,scene_auto_06,0.201155,rgb_cluster,false,dataset/depth/00282_depth.png,dataset/rgb/00282_colors.png
00283_depth,scene_auto_04,0.102351,rgb_cluster,true,dataset/depth/00283_depth.png,dataset/rgb/00283_colors.png
00284_depth,scene_auto_00,0.290570,rgb_cluster,false,dataset/depth/00284_depth.png,dataset/rgb/00284_colors.png
00295_depth,scene_auto_04,0.127787,rgb_cluster,true,dataset/depth/00295_depth.png,dataset/rgb/00295_colors.png
00296_depth,scene_auto_01,0.228509,rgb_cluster,false,dataset/depth/00296_depth.png,dataset/rgb/00296_colors.png
00297_depth,scene_auto_00,0.091340,rgb_cluster,true,dataset/depth/00297_depth.png,dataset/rgb/00297_colors.png
00298_depth,scene_auto_01,0.527462,rgb_cluster,false,dataset/depth/00298_depth.png,dataset/rgb/00298_colors.png
00299_depth,scene_auto_00,0.293109,rgb_cluster,false,dataset/depth/00299_depth.png,dataset/rgb/00299_colors.png
00300_depth,scene_auto_00,0.233615,rgb_cluster,false,dataset/depth/00300_depth.png,dataset/rgb/00300_colors.png
00301_depth,scene_auto_01,0.207147,rgb_cluster,false,dataset/depth/00301_depth.png,dataset/rgb/00301_colors.png
00309_depth,scene_auto_06,0.114697,rgb_cluster,true,dataset/depth/00309_depth.png,dataset/rgb/00309_colors.png
00310_depth,scene_auto_00,0.059362,rgb_cluster,true,dataset/depth/00310_depth.png,dataset/rgb/00310_colors.png
00311_depth,scene_auto_04,0.191519,rgb_cluster,false,dataset/depth/00311_depth.png,dataset/rgb/00311_colors.png
00314_depth,scene_auto_04,0.029637,rgb_cluster,true,dataset/depth/00314_depth.png,dataset/rgb/00314_colors.png
00315_depth,scene_auto_05,0.068980,rgb_cluster,true,dataset/depth/00315_depth.png,dataset/rgb/00315_colors.png
00316_depth,scene_auto_00,0.086041,rgb_cluster,true,dataset/depth/00316_depth.png,dataset/rgb/00316_colors.png
00324_depth,scene_auto_07,0.166385,rgb_cluster,false,dataset/depth/00324_depth.png,dataset/rgb/00324_colors.png
00325_depth,scene_auto_04,0.250143,rgb_cluster,false,dataset/depth/00325_depth.png,dataset/rgb/00325_colors.png
00326_depth,scene_auto_07,0.348436,rgb_cluster,false,dataset/depth/00326_depth.png,dataset/rgb/00326_colors.png
00327_depth,scene_auto_04,0.270066,rgb_cluster,false,dataset/depth/00327_depth.png,dataset/rgb/00327_colors.png
00328_depth,scene_auto_05,0.130008,rgb_cluster,true,dataset/depth/00328_depth.png,dataset/rgb/00328_colors.png
00329_depth,scene_auto_05,0.246910,rgb_cluster,false,dataset/depth/00329_depth.png,dataset/rgb/00329_colors.png
00330_depth,scene_auto_07,0.139141,rgb_cluster,true,dataset/depth/00330_depth.png,dataset/rgb/00330_colors.png
00331_depth,scene_auto_04,0.109042,rgb_cluster,true,dataset/depth/00331_depth.png,dataset/rgb/00331_colors.png
00332_depth,scene_auto_04,0.092433,rgb_cluster,true,dataset/depth/00332_depth.png,dataset/rgb/00332_colors.png
00333_depth,scene_auto_00,0.347707,rgb_cluster,false,dataset/depth/00333_depth.png,dataset/rgb/00333_colors.png
00334_depth,scene_auto_00,0.067661,rgb_cluster,true,dataset/depth/00334_depth.png,dataset/rgb/00334_colors.png
00350_depth,scene_auto_05,0.049916,rgb_cluster,true,dataset/depth/00350_depth.png,dataset/rgb/00350_colors.png
00351_depth,scene_auto_05,0.031716,rgb_cluster,true,dataset/depth/00351_depth.png,dataset/rgb/00351_colors.png
00354_depth,scene_auto_06,0.123766,rgb_cluster,true,dataset/depth/00354_depth.png,dataset/rgb/00354_colors.png
00355_depth,scene_auto_06,0.171549,rgb_cluster,false,dataset/depth/00355_depth.png,dataset/rgb/00355_colors.png
00356_depth,scene_auto_01,0.138650,rgb_cluster,true,dataset/depth/00356_depth.png,dataset/rgb/00356_colors.png
00357_depth,scene_auto_02,0.121397,rgb_cluster,true,dataset/depth/00357_depth.png,dataset/rgb/00357_colors.png
00358_depth,scene_auto_03,0.524307,rgb_cluster,false,dataset/depth/00358_depth.png,dataset/rgb/00358_colors.png
00359_depth,scene_auto_02,0.189144,rgb_cluster,false,dataset/depth/00359_depth.png,dataset/rgb/00359_colors.png
00360_depth,scene_auto_03,0.250305,rgb_cluster,false,dataset/depth/00360_depth.png,dataset/rgb/00360_colors.png
00361_depth,scene_auto_03,0.552327,rgb_cluster,false,dataset/depth/00361_depth.png,dataset/rgb/00361_colors.png
00362_depth,scene_auto_03,0.543548,rgb_cluster,false,dataset/depth/00362_depth.png,dataset/rgb/00362_colors.png
00363_depth,scene_auto_03,0.335776,rgb_cluster,false,dataset/depth/00363_depth.png,dataset/rgb/00363_colors.png
00383_depth,scene_auto_03,0.570910,rgb_cluster,false,dataset/depth/00383_depth.png,dataset/rgb/00383_colors.png
00384_depth,scene_auto_03,0.514817,rgb_cluster,false,dataset/depth/00384_depth.png,dataset/rgb/00384_colors.png
00385_depth,scene_auto_03,0.505204,rgb_cluster,false,dataset/depth/00385_depth.png,dataset/rgb/00385_colors.png
00386_depth,scene_auto_07,0.286866,rgb_cluster,false,dataset/depth/00386_depth.png,dataset/rgb/00386_colors.png
00387_depth,scene_auto_07,0.217667,rgb_cluster,false,dataset/depth/00387_depth.png,dataset/rgb/00387_colors.png
00388_depth,scene_auto_02,0.108003,rgb_cluster,true,dataset/depth/00388_depth.png,dataset/rgb/00388_colors.png
00389_depth,scene_auto_07,0.222344,rgb_cluster,false,dataset/depth/00389_depth.png,dataset/rgb/00389_colors.png
00394_depth,scene_auto_02,0.338623,rgb_cluster,false,dataset/depth/00394_depth.png,dataset/rgb/00394_colors.png
00395_depth,scene_auto_05,0.033674,rgb_cluster,true,dataset/depth/00395_depth.png,dataset/rgb/00395_colors.png
00396_depth,scene_auto_06,0.103188,rgb_cluster,true,dataset/depth/00396_depth.png,dataset/rgb/00396_colors.png
00410_depth,scene_auto_05,0.280245,rgb_cluster,false,dataset/depth/00410_depth.png,dataset/rgb/00410_colors.png
00411_depth,scene_auto_00,0.264728,rgb_cluster,false,dataset/depth/00411_depth.png,dataset/rgb/00411_colors.png
00412_depth,scene_auto_00,0.258079,rgb_cluster,false,dataset/depth/00412_depth.png,dataset/rgb/00412_colors.png
00413_depth,scene_auto_00,0.318161,rgb_cluster,false,dataset/depth/00413_depth.png,dataset/rgb/00413_colors.png
00429_depth,scene_auto_01,0.456624,rgb_cluster,false,dataset/depth/00429_depth.png,dataset/rgb/00429_colors.png
00430_depth,scene_auto_01,0.159731,rgb_cluster,false,dataset/depth/00430_depth.png,dataset/rgb/00430_colors.png
00431_depth,scene_auto_07,0.031650,rgb_cluster,true,dataset/depth/00431_depth.png,dataset/rgb/00431_colors.png
00432_depth,scene_auto_01,0.286115,rgb_cluster,false,dataset/depth/00432_depth.png,dataset/rgb/00432_colors.png
00433_depth,scene_auto_01,0.398128,rgb_cluster,false,dataset/depth/00433_depth.png,dataset/rgb/00433_colors.png
00434_depth,scene_auto_01,0.057058,rgb_cluster,true,dataset/depth/00434_depth.png,dataset/rgb/00434_colors.png
00440_depth,scene_auto_07,0.019064,rgb_cluster,true,dataset/depth/00440_depth.png,dataset/rgb/00440_colors.png
00441_depth,scene_auto_00,0.185153,rgb_cluster,false,dataset/depth/00441_depth.png,dataset/rgb/00441_colors.png
00442_depth,scene_auto_05,0.040084,rgb_cluster,true,dataset/depth/00442_depth.png,dataset/rgb/00442_colors.png
00443_depth,scene_auto_02,0.179232,rgb_cluster,false,dataset/depth/00443_depth.png,dataset/rgb/00443_colors.png
00444_depth,scene_auto_04,0.357946,rgb_cluster,false,dataset/depth/00444_depth.png,dataset/rgb/00444_colors.png
00445_depth,scene_auto_07,0.243350,rgb_cluster,false,dataset/depth/00445_depth.png,dataset/rgb/00445_colors.png
00446_depth,scene_auto_02,0.205619,rgb_cluster,false,dataset/depth/00446_depth.png,dataset/rgb/00446_colors.png
00447_depth,scene_auto_05,0.280254,rgb_cluster,false,dataset/depth/00447_depth.png,dataset/rgb/00447_colors.png
00461_depth,scene_auto_00,0.017859,rgb_cluster,true,dataset/depth/00461_depth.png,dataset/rgb/00461_colors.png
00462_depth,scene_auto_04,0.108186,rgb_cluster,true,dataset/depth/00462_depth.png,dataset/rgb/00462_colors.png
00463_depth,scene_auto_00,0.069504,rgb_cluster,true,dataset/depth/00463_depth.png,dataset/rgb/00463_colors.png
00464_depth,scene_auto_00,0.198422,rgb_cluster,false,dataset/depth/00464_depth.png,dataset/rgb/00464_colors.png
00465_depth,scene_auto_04,0.104403,rgb_cluster,true,dataset/depth/00465_depth.png,dataset/rgb/00465_colors.png
00468_depth,scene_auto_06,0.211935,rgb_cluster,false,dataset/depth/00468_depth.png,dataset/rgb/00468_colors.png
00469_depth,scene_auto_01,0.274283,rgb_cluster,false,dataset/depth/00469_depth.png,dataset/rgb/00469_colors.png
00470_depth,scene_auto_01,0.008419,rgb_cluster,true,dataset/depth/00470_depth.png,dataset/rgb/00470_colors.png
00471_depth,scene_auto_07,0.396329,rgb_cluster,false,dataset/depth/00471_depth.png,dataset/rgb/00471_colors.png
00472_depth,scene_auto_01,0.243442,rgb_cluster,false,dataset/depth/00472_depth.png,dataset/rgb/00472_colors.png
00473_depth,scene_auto_02,0.250852,rgb_cluster,false,dataset/depth/00473_depth.png,dataset/rgb/00473_colors.png
00474_depth,scene_auto_02,0.165652,rgb_cluster,false,dataset/depth/00474_depth.png,dataset/rgb/00474_colors.png
00475_depth,scene_auto_02,0.135320,rgb_cluster,true,dataset/depth/00475_depth.png,dataset/rgb/00475_colors.png
00476_depth,scene_auto_02,0.211270,rgb_cluster,false,dataset/depth/00476_depth.png,dataset/rgb/00476_colors.png
00507_depth,scene_auto_01,0.163748,rgb_cluster,false,dataset/depth/00507_depth.png,dataset/rgb/00507_colors.png
00508_depth,scene_auto_04,0.277039,rgb_cluster,false,dataset/depth/00508_depth.png,dataset/rgb/00508_colors.png
00509_depth,scene_auto_00,0.314315,rgb_cluster,false,dataset/depth/00509_depth.png,dataset/rgb/00509_colors.png
00510_depth,scene_auto_04,0.182574,rgb_cluster,false,dataset/depth/00510_depth.png,dataset/rgb/00510_colors.png
00511_depth,scene_auto_00,0.301956,rgb_cluster,false,dataset/depth/00511_depth.png,dataset/rgb/00511_colors.png
00512_depth,scene_auto_00,0.289288,rgb_cluster,false,dataset/depth/00512_depth.png,dataset/rgb/00512_colors.png
00514_depth,scene_auto_06,0.127360,rgb_cluster,true,dataset/depth/00514_depth.png,dataset/rgb/00514_colors.png
00515_depth,scene_auto_06,0.172070,rgb_cluster,false,dataset/depth/00515_depth.png,dataset/rgb/00515_colors.png
00516_depth,scene_auto_02,0.088876,rgb_cluster,true,dataset/depth/00516_depth.png,dataset/rgb/00516_colors.png
00517_depth,scene_auto_00,0.122363,rgb_cluster,true,dataset/depth/00517_depth.png,dataset/rgb/00517_colors.png
00518_depth,scene_auto_07,0.222745,rgb_cluster,false,dataset/depth/00518_depth.png,dataset/rgb/00518_colors.png
00519_depth,scene_auto_03,0.573228,rgb_cluster,false,dataset/depth/00519_depth.png,dataset/rgb/00519_colors.png
00520_depth,scene_auto_03,0.546200,rgb_cluster,false,dataset/depth/00520_depth.png,dataset/rgb/00520_colors.png
00521_depth,scene_auto_03,0.559770,rgb_cluster,false,dataset/depth/00521_depth.png,dataset/rgb/00521_colors.png
00522_depth,scene_auto_06,0.441926,rgb_cluster,false,dataset/depth/00522_depth.png,dataset/rgb/00522_colors.png
00523_depth,scene_auto_06,0.040774,rgb_cluster,true,dataset/depth/00523_depth.png,dataset/rgb/00523_colors.png
00524_depth,scene_auto_04,0.281782,rgb_cluster,false,dataset/depth/00524_depth.png,dataset/rgb/00524_colors.png
00525_depth,scene_auto_01,0.353352,rgb_cluster,false,dataset/depth/00525_depth.png,dataset/rgb/00525_colors.png
00530_depth,scene_auto_01,0.046305,rgb_cluster,true,dataset/depth/00530_depth.png,dataset/rgb/00530_colors.png
00531_depth,scene_auto_04,0.131506,rgb_cluster,true,dataset/depth/00531_depth.png,dataset/rgb/00531_colors.png
00532_depth,scene_auto_01,0.179063,rgb_cluster,false,dataset/depth/00532_depth.png,dataset/rgb/00532_colors.png
00536_depth,scene_auto_06,0.320337,rgb_cluster,false,dataset/depth/00536_depth.png,dataset/rgb/00536_colors.png
00537_depth,scene_auto_06,0.216847,rgb_cluster,false,dataset/depth/00537_depth.png,dataset/rgb/00537_colors.png
00538_depth,scene_auto_07,0.125843,rgb_cluster,true,dataset/depth/00538_depth.png,dataset/rgb/00538_colors.png
00548_depth,scene_auto_02,0.290431,rgb_cluster,false,dataset/depth/00548_depth.png,dataset/rgb/00548_colors.png
00549_depth,scene_auto_06,0.381061,rgb_cluster,false,dataset/depth/00549_depth.png,dataset/rgb/00549_colors.png
00550_depth,scene_auto_06,0.233527,rgb_cluster,false,dataset/depth/00550_depth.png,dataset/rgb/00550_colors.png
00554_depth,scene_auto_02,0.081346,rgb_cluster,true,dataset/depth/00554_depth.png,dataset/rgb/00554_colors.png
00555_depth,scene_auto_06,0.200150,rgb_cluster,false,dataset/depth/00555_depth.png,dataset/rgb/00555_colors.png
00556_depth,scene_auto_06,0.039120,rgb_cluster,true,dataset/depth/00556_depth.png,dataset/rgb/00556_colors.png
00557_depth,scene_auto_02,0.137677,rgb_cluster,true,dataset/depth/00557_depth.png,dataset/rgb/00557_colors.png
00558_depth,scene_auto_02,0.301942,rgb_cluster,false,dataset/depth/00558_depth.png,dataset/rgb/00558_colors.png
00559_depth,scene_auto_03,0.016158,rgb_cluster,true,dataset/depth/00559_depth.png,dataset/rgb/00559_colors.png
00560_depth,scene_auto_05,0.137575,rgb_cluster,true,dataset/depth/00560_depth.png,dataset/rgb/00560_colors.png
00561_depth,scene_auto_04,0.270943,rgb_cluster,false,dataset/depth/00561_depth.png,dataset/rgb/00561_colors.png
00562_depth,scene_auto_07,0.142137,rgb_cluster,true,dataset/depth/00562_depth.png,dataset/rgb/00562_colors.png
00563_depth,scene_auto_05,0.087192,rgb_cluster,true,dataset/depth/00563_depth.png,dataset/rgb/00563_colors.png
00564_depth,scene_auto_06,0.192142,rgb_cluster,false,dataset/depth/00564_depth.png,dataset/rgb/00564_colors.png
00565_depth,scene_auto_07,0.254470,rgb_cluster,false,dataset/depth/00565_depth.png,dataset/rgb/00565_colors.png
00566_depth,scene_auto_00,0.102122,rgb_cluster,true,dataset/depth/00566_depth.png,dataset/rgb/00566_colors.png
00567_depth,scene_auto_07,0.134519,rgb_cluster,true,dataset/depth/00567_depth.png,dataset/rgb/00567_colors.png
00568_depth,scene_auto_04,0.236663,rgb_cluster,false,dataset/depth/00568_depth.png,dataset/rgb/00568_colors.png
00569_depth,scene_auto_00,0.209375,rgb_cluster,false,dataset/depth/00569_depth.png,dataset/rgb/00569_colors.png
00570_depth,scene_auto_00,0.287151,rgb_cluster,false,dataset/depth/00570_depth.png,dataset/rgb/00570_colors.png
00578_depth,scene_auto_07,0.335023,rgb_cluster,false,dataset/depth/00578_depth.png,dataset/rgb/00578_colors.png
00579_depth,scene_auto_06,0.218842,rgb_cluster,false,dataset/depth/00579_depth.png,dataset/rgb/00579_colors.png
00580_depth,scene_auto_06,0.174809,rgb_cluster,false,dataset/depth/00580_depth.png,dataset/rgb/00580_colors.png
00581_depth,scene_auto_05,0.021981,rgb_cluster,true,dataset/depth/00581_depth.png,dataset/rgb/00581_colors.png
00582_depth,scene_auto_07,0.394700,rgb_cluster,false,dataset/depth/00582_depth.png,dataset/rgb/00582_colors.png
00590_depth,scene_auto_01,0.309040,rgb_cluster,false,dataset/depth/00590_depth.png,dataset/rgb/00590_colors.png
00591_depth,scene_auto_01,0.319033,rgb_cluster,false,dataset/depth/00591_depth.png,dataset/rgb/00591_colors.png
00592_depth,scene_auto_07,0.294478,rgb_cluster,false,dataset/depth/00592_depth.png,dataset/rgb/00592_colors.png
00593_depth,scene_auto_06,0.317034,rgb_cluster,false,dataset/depth/00593_depth.png,dataset/rgb/00593_colors.png
00602_depth,scene_auto_03,0.574317,rgb_cluster,false,dataset/depth/00602_depth.png,dataset/rgb/00602_colors.png
00603_depth,scene_auto_03,0.464190,rgb_cluster,false,dataset/depth/00603_depth.png,dataset/rgb/00603_colors.png
00604_depth,scene_auto_03,0.294225,rgb_cluster,false,dataset/depth/00604_depth.png,dataset/rgb/00604_colors.png
00605_depth,scene_auto_02,0.159593,rgb_cluster,false,dataset/depth/00605_depth.png,dataset/rgb/00605_colors.png
00606_depth,scene_auto_02,0.198021,rgb_cluster,false,dataset/depth/00606_depth.png,dataset/rgb/00606_colors.png
00611_depth,scene_auto_01,0.157856,rgb_cluster,false,dataset/depth/00611_depth.png,dataset/rgb/00611_colors.png
00612_depth,scene_auto_01,0.181843,rgb_cluster,false,dataset/depth/00612_depth.png,dataset/rgb/00612_colors.png
00616_depth,scene_auto_01,0.344435,rgb_cluster,false,dataset/depth/00616_depth.png,dataset/rgb/00616_colors.png
00617_depth,scene_auto_01,0.098492,rgb_cluster,true,dataset/depth/00617_depth.png,dataset/rgb/00617_colors.png
00618_depth,scene_auto_01,0.215349,rgb_cluster,false,dataset/depth/00618_depth.png,dataset/rgb/00618_colors.png
00619_depth,scene_auto_01,0.037177,rgb_cluster,true,dataset/depth/00619_depth.png,dataset/rgb/00619_colors.png
00620_depth,scene_auto_01,0.146424,rgb_cluster,true,dataset/depth/00620_depth.png,dataset/rgb/00620_colors.png
00632_depth,scene_auto_01,0.422015,rgb_cluster,false,dataset/depth/00632_depth.png,dataset/rgb/00632_colors.png
00633_depth,scene_auto_01,0.036364,rgb_cluster,true,dataset/depth/00633_depth.png,dataset/rgb/00633_colors.png
00634_depth,scene_auto_04,0.034649,rgb_cluster,true,dataset/depth/00634_depth.png,dataset/rgb/00634_colors.png
00635_depth,scene_auto_04,0.022885,rgb_cluster,true,dataset/depth/00635_depth.png,dataset/rgb/00635_colors.png
00636_depth,scene_auto_05,0.062953,rgb_cluster,true,dataset/depth/00636_depth.png,dataset/rgb/00636_colors.png
00637_depth,scene_auto_04,0.107230,rgb_cluster,true,dataset/depth/00637_depth.png,dataset/rgb/00637_colors.png
00643_depth,scene_auto_03,0.511919,rgb_cluster,false,dataset/depth/00643_depth.png,dataset/rgb/00643_colors.png
00644_depth,scene_auto_03,0.535151,rgb_cluster,false,dataset/depth/00644_depth.png,dataset/rgb/00644_colors.png
00649_depth,scene_auto_00,0.393816,rgb_cluster,false,dataset/depth/00649_depth.png,dataset/rgb/00649_colors.png
00650_depth,scene_auto_00,0.303545,rgb_cluster,false,dataset/depth/00650_depth.png,dataset/rgb/00650_colors.png
00655_depth,scene_auto_06,0.079423,rgb_cluster,true,dataset/depth/00655_depth.png,dataset/rgb/00655_colors.png
00656_depth,scene_auto_06,0.040899,rgb_cluster,true,dataset/depth/00656_depth.png,dataset/rgb/00656_colors.png
00657_depth,scene_auto_05,0.317098,rgb_cluster,false,dataset/depth/00657_depth.png,dataset/rgb/00657_colors.png
00662_depth,scene_auto_02,0.109650,rgb_cluster,true,dataset/depth/00662_depth.png,dataset/rgb/00662_colors.png
00663_depth,scene_auto_05,0.091595,rgb_cluster,true,dataset/depth/00663_depth.png,dataset/rgb/00663_colors.png
00667_depth,scene_auto_00,0.276477,rgb_cluster,false,dataset/depth/00667_depth.png,dataset/rgb/00667_colors.png
00668_depth,scene_auto_05,0.076638,rgb_cluster,true,dataset/depth/00668_depth.png,dataset/rgb/00668_colors.png
00669_depth,scene_auto_05,0.498302,rgb_cluster,false,dataset/depth/00669_depth.png,dataset/rgb/00669_colors.png
00670_depth,scene_auto_05,0.107506,rgb_cluster,true,dataset/depth/00670_depth.png,dataset/rgb/00670_colors.png
00671_depth,scene_auto_02,0.128049,rgb_cluster,true,dataset/depth/00671_depth.png,dataset/rgb/00671_colors.png
00672_depth,scene_auto_02,0.019941,rgb_cluster,true,dataset/depth/00672_depth.png,dataset/rgb/00672_colors.png
00675_depth,scene_auto_07,0.267593,rgb_cluster,false,dataset/depth/00675_depth.png,dataset/rgb/00675_colors.png
00676_depth,scene_auto_02,0.144250,rgb_cluster,true,dataset/depth/00676_depth.png,dataset/rgb/00676_colors.png
00677_depth,scene_auto_07,0.118198,rgb_cluster,true,dataset/depth/00677_depth.png,dataset/rgb/00677_colors.png
00678_depth,scene_auto_05,0.030079,rgb_cluster,true,dataset/depth/00678_depth.png,dataset/rgb/00678_colors.png
00679_depth,scene_auto_05,0.096850,rgb_cluster,true,dataset/depth/00679_depth.png,dataset/rgb/00679_colors.png
00680_depth,scene_auto_05,0.330447,rgb_cluster,false,dataset/depth/00680_depth.png,dataset/rgb/00680_colors.png
00685_depth,scene_auto_07,0.321431,rgb_cluster,false,dataset/depth/00685_depth.png,dataset/rgb/00685_colors.png
00686_depth,scene_auto_05,0.015160,rgb_cluster,true,dataset/depth/00686_depth.png,dataset/rgb/00686_colors.png
00687_depth,scene_auto_00,0.195276,rgb_cluster,false,dataset/depth/00687_depth.png,dataset/rgb/00687_colors.png
00688_depth,scene_auto_00,0.133333,rgb_cluster,true,dataset/depth/00688_depth.png,dataset/rgb/00688_colors.png
00689_depth,scene_auto_00,0.233335,rgb_cluster,false,dataset/depth/00689_depth.png,dataset/rgb/00689_colors.png
00692_depth,scene_auto_07,0.221230,rgb_cluster,false,dataset/depth/00692_depth.png,dataset/rgb/00692_colors.png
00693_depth,scene_auto_00,0.218446,rgb_cluster,false,dataset/depth/00693_depth.png,dataset/rgb/00693_colors.png
00696_depth,scene_auto_00,0.219880,rgb_cluster,false,dataset/depth/00696_depth.png,dataset/rgb/00696_colors.png
00697_depth,scene_auto_02,0.102811,rgb_cluster,true,dataset/depth/00697_depth.png,dataset/rgb/00697_colors.png
00698_depth,scene_auto_05,0.022889,rgb_cluster,true,dataset/depth/00698_depth.png,dataset/rgb/00698_colors.png
00705_depth,scene_auto_06,0.063466,rgb_cluster,true,dataset/depth/00705_depth.png,dataset/rgb/00705_colors.png
00706_depth,scene_auto_05,0.099121,rgb_cluster,true,dataset/depth/00706_depth.png,dataset/rgb/00706_colors.png
00707_depth,scene_auto_01,0.247009,rgb_cluster,false,dataset/depth/00707_depth.png,dataset/rgb/00707_colors.png
00708_depth,scene_auto_02,0.212073,rgb_cluster,false,dataset/depth/00708_depth.png,dataset/rgb/00708_colors.png
00709_depth,scene_auto_05,0.375582,rgb_cluster,false,dataset/depth/00709_depth.png,dataset/rgb/00709_colors.png
00710_depth,scene_auto_00,0.157589,rgb_cluster,false,dataset/depth/00710_depth.png,dataset/rgb/00710_colors.png
00711_depth,scene_auto_05,0.339439,rgb_cluster,false,dataset/depth/00711_depth.png,dataset/rgb/00711_colors.png
00712_depth,scene_auto_02,0.272965,rgb_cluster,false,dataset/depth/00712_depth.png,dataset/rgb/00712_colors.png
00716_depth,scene_auto_00,0.283794,rgb_cluster,false,dataset/depth/00716_depth.png,dataset/rgb/00716_colors.png
00717_depth,scene_auto_05,0.328632,rgb_cluster,false,dataset/depth/00717_depth.png,dataset/rgb/00717_colors.png
00723_depth,scene_auto_00,0.280774,rgb_cluster,false,dataset/depth/00723_depth.png,dataset/rgb/00723_colors.png
00724_depth,scene_auto_05,0.043920,rgb_cluster,true,dataset/depth/00724_depth.png,dataset/rgb/00724_colors.png
00725_depth,scene_auto_00,0.276992,rgb_cluster,false,dataset/depth/00725_depth.png,dataset/rgb/00725_colors.png
00726_depth,scene_auto_05,0.399457,rgb_cluster,false,dataset/depth/00726_depth.png,dataset/rgb/00726_colors.png
00727_depth,scene_auto_02,0.219865,rgb_cluster,false,dataset/depth/00727_depth.png,dataset/rgb/00727_colors.png
00730_depth,scene_auto_05,0.210115,rgb_cluster,false,dataset/depth/00730_depth.png,dataset/rgb/00730_colors.png
00731_depth,scene_auto_02,0.208082,rgb_cluster,false,dataset/depth/00731_depth.png,dataset/rgb/00731_colors.png
00732_depth,scene_auto_02,0.124135,rgb_cluster,true,dataset/depth/00732_depth.png,dataset/rgb/00732_colors.png
00733_depth,scene_auto_00,0.250816,rgb_cluster,false,dataset/depth/00733_depth.png,dataset/rgb/00733_colors.png
00742_depth,scene_auto_02,0.010009,rgb_cluster,true,dataset/depth/00742_depth.png,dataset/rgb/00742_colors.png
00743_depth,scene_auto_02,0.015200,rgb_cluster,true,dataset/depth/00743_depth.png,dataset/rgb/00743_colors.png
00758_depth,scene_auto_03,0.331909,rgb_cluster,false,dataset/depth/00758_depth.png,dataset/rgb/00758_colors.png
00759_depth,scene_auto_05,0.248989,rgb_cluster,false,dataset/depth/00759_depth.png,dataset/rgb/00759_colors.png
00760_depth,scene_auto_06,0.173525,rgb_cluster,false,dataset/depth/00760_depth.png,dataset/rgb/00760_colors.png
00761_depth,scene_auto_07,0.194100,rgb_cluster,false,dataset/depth/00761_depth.png,dataset/rgb/00761_colors.png
00762_depth,scene_auto_05,0.220782,rgb_cluster,false,dataset/depth/00762_depth.png,dataset/rgb/00762_colors.png
00763_depth,scene_auto_05,0.118692,rgb_cluster,true,dataset/depth/00763_depth.png,dataset/rgb/00763_colors.png
00764_depth,scene_auto_01,0.229214,rgb_cluster,false,dataset/depth/00764_depth.png,dataset/rgb/00764_colors.png
00765_depth,scene_auto_01,0.100517,rgb_cluster,true,dataset/depth/00765_depth.png,dataset/rgb/00765_colors.png
00766_depth,scene_auto_06,0.144961,rgb_cluster,true,dataset/depth/00766_depth.png,dataset/rgb/00766_colors.png
00767_depth,scene_auto_05,0.254780,rgb_cluster,false,dataset/depth/00767_depth.png,dataset/rgb/00767_colors.png
00768_depth,scene_auto_07,0.078629,rgb_cluster,true,dataset/depth/00768_depth.png,dataset/rgb/00768_colors.png
00769_depth,scene_auto_06,0.118187,rgb_cluster,true,dataset/depth/00769_depth.png,dataset/rgb/00769_colors.png
00770_depth,scene_auto_06,0.193968,rgb_cluster,false,dataset/depth/00770_depth.png,dataset/rgb/00770_colors.png
00771_depth,scene_auto_02,0.017135,rgb_cluster,true,dataset/depth/00771_depth.png,dataset/rgb/00771_colors.png
00772_depth,scene_auto_05,0.110402,rgb_cluster,true,dataset/depth/00772_depth.png,dataset/rgb/00772_colors.png
00773_depth,scene_auto_05,0.194773,rgb_cluster,false,dataset/depth/00773_depth.png,dataset/rgb/00773_colors.png
00774_depth,scene_auto_00,0.121223,rgb_cluster,true,dataset/depth/00774_depth.png,dataset/rgb/00774_colors.png
00775_depth,scene_auto_05,0.331231,rgb_cluster,false,dataset/depth/00775_depth.png,dataset/rgb/00775_colors.png
00776_depth,scene_auto_00,0.129710,rgb_cluster,true,dataset/depth/00776_depth.png,dataset/rgb/00776_colors.png
00777_depth,scene_auto_07,0.229317,rgb_cluster,false,dataset/depth/00777_depth.png,dataset/rgb/00777_colors.png
00778_depth,scene_auto_04,0.126101,rgb_cluster,true,dataset/depth/00778_depth.png,dataset/rgb/00778_colors.png
00779_depth,scene_auto_05,0.068287,rgb_cluster,true,dataset/depth/00779_depth.png,dataset/rgb/00779_colors.png
00780_depth,scene_auto_00,0.167096,rgb_cluster,false,dataset/depth/00780_depth.png,dataset/rgb/00780_colors.png
00781_depth,scene_auto_05,0.025140,rgb_cluster,true,dataset/depth/00781_depth.png,dataset/rgb/00781_colors.png
00782_depth,scene_auto_05,0.290851,rgb_cluster,false,dataset/depth/00782_depth.png,dataset/rgb/00782_colors.png
00783_depth,scene_auto_04,0.089232,rgb_cluster,true,dataset/depth/00783_depth.png,dataset/rgb/00783_colors.png
00784_depth,scene_auto_00,0.157114,rgb_cluster,false,dataset/depth/00784_depth.png,dataset/rgb/00784_colors.png
00785_depth,scene_auto_05,0.317088,rgb_cluster,false,dataset/depth/00785_depth.png,dataset/rgb/00785_colors.png
00786_depth,scene_auto_07,0.239951,rgb_cluster,false,dataset/depth/00786_depth.png,dataset/rgb/00786_colors.png
00799_depth,scene_auto_07,0.349972,rgb_cluster,false,dataset/depth/00799_depth.png,dataset/rgb/00799_colors.png
00800_depth,scene_auto_04,0.370041,rgb_cluster,false,dataset/depth/00800_depth.png,dataset/rgb/00800_colors.png
00801_depth,scene_auto_05,0.174525,rgb_cluster,false,dataset/depth/00801_depth.png,dataset/rgb/00801_colors.png
00802_depth,scene_auto_06,0.041781,rgb_cluster,true,dataset/depth/00802_depth.png,dataset/rgb/00802_colors.png
00803_depth,scene_auto_02,0.126705,rgb_cluster,true,dataset/depth/00803_depth.png,dataset/rgb/00803_colors.png
00809_depth,scene_auto_05,0.050542,rgb_cluster,true,dataset/depth/00809_depth.png,dataset/rgb/00809_colors.png
00810_depth,scene_auto_05,0.270720,rgb_cluster,false,dataset/depth/00810_depth.png,dataset/rgb/00810_colors.png
00811_depth,scene_auto_02,0.091129,rgb_cluster,true,dataset/depth/00811_depth.png,dataset/rgb/00811_colors.png
00812_depth,scene_auto_02,0.028342,rgb_cluster,true,dataset/depth/00812_depth.png,dataset/rgb/00812_colors.png
00813_depth,scene_auto_06,0.152114,rgb_cluster,false,dataset/depth/00813_depth.png,dataset/rgb/00813_colors.png
00820_depth,scene_auto_03,0.498844,rgb_cluster,false,dataset/depth/00820_depth.png,dataset/rgb/00820_colors.png
00821_depth,scene_auto_06,0.048732,rgb_cluster,true,dataset/depth/00821_depth.png,dataset/rgb/00821_colors.png
00822_depth,scene_auto_05,0.163593,rgb_cluster,false,dataset/depth/00822_depth.png,dataset/rgb/00822_colors.png
00832_depth,scene_auto_07,0.078715,rgb_cluster,true,dataset/depth/00832_depth.png,dataset/rgb/00832_colors.png
00833_depth,scene_auto_01,0.321806,rgb_cluster,false,dataset/depth/00833_depth.png,dataset/rgb/00833_colors.png
00834_depth,scene_auto_00,0.132325,rgb_cluster,true,dataset/depth/00834_depth.png,dataset/rgb/00834_colors.png
00835_depth,scene_auto_04,0.130524,rgb_cluster,true,dataset/depth/00835_depth.png,dataset/rgb/00835_colors.png
00836_depth,scene_auto_04,0.089017,rgb_cluster,true,dataset/depth/00836_depth.png,dataset/rgb/00836_colors.png
00837_depth,scene_auto_02,0.088731,rgb_cluster,true,dataset/depth/00837_depth.png,dataset/rgb/00837_colors.png
00838_depth,scene_auto_04,0.026293,rgb_cluster,true,dataset/depth/00838_depth.png,dataset/rgb/00838_colors.png
00839_depth,scene_auto_01,0.391636,rgb_cluster,false,dataset/depth/00839_depth.png,dataset/rgb/00839_colors.png
00840_depth,scene_auto_01,0.173055,rgb_cluster,false,dataset/depth/00840_depth.png,dataset/rgb/00840_colors.png
00841_depth,scene_auto_05,0.079303,rgb_cluster,true,dataset/depth/00841_depth.png,dataset/rgb/00841_colors.png
00842_depth,scene_auto_05,0.109861,rgb_cluster,true,dataset/depth/00842_depth.png,dataset/rgb/00842_colors.png
00843_depth,scene_auto_05,0.075326,rgb_cluster,true,dataset/depth/00843_depth.png,dataset/rgb/00843_colors.png
00844_depth,scene_auto_04,0.077377,rgb_cluster,true,dataset/depth/00844_depth.png,dataset/rgb/00844_colors.png
00845_depth,scene_auto_05,0.218818,rgb_cluster,false,dataset/depth/00845_depth.png,dataset/rgb/00845_colors.png
00849_depth,scene_auto_02,0.066589,rgb_cluster,true,dataset/depth/00849_depth.png,dataset/rgb/00849_colors.png
00850_depth,scene_auto_03,0.312893,rgb_cluster,false,dataset/depth/00850_depth.png,dataset/rgb/00850_colors.png
00851_depth,scene_auto_03,0.033192,rgb_cluster,true,dataset/depth/00851_depth.png,dataset/rgb/00851_colors.png
00856_depth,scene_auto_04,0.266212,rgb_cluster,false,dataset/depth/00856_depth.png,dataset/rgb/00856_colors.png
00857_depth,scene_auto_06,0.286685,rgb_cluster,false,dataset/depth/00857_depth.png,dataset/rgb/00857_colors.png
00858_depth,scene_auto_04,0.094465,rgb_cluster,true,dataset/depth/00858_depth.png,dataset/rgb/00858_colors.png
00859_depth,scene_auto_04,0.104889,rgb_cluster,true,dataset/depth/00859_depth.png,dataset/rgb/00859_colors.png
00860_depth,scene_auto_04,0.122554,rgb_cluster,true,dataset/depth/00860_depth.png,dataset/rgb/00860_colors.png
00861_depth,scene_auto_00,0.156322,rgb_cluster,false,dataset/depth/00861_depth.png,dataset/rgb/00861_colors.png
00868_depth,scene_auto_06,0.113492,rgb_cluster,true,dataset/depth/00868_depth.png,dataset/rgb/00868_colors.png
00869_depth,scene_auto_05,0.168457,rgb_cluster,false,dataset/depth/00869_depth.png,dataset/rgb/00869_colors.png
00870_depth,scene_auto_05,0.157718,rgb_cluster,false,dataset/depth/00870_depth.png,dataset/rgb/00870_colors.png
00905_depth,scene_auto_04,0.043337,rgb_cluster,true,dataset/depth/00905_depth.png,dataset/rgb/00905_colors.png
00906_depth,scene_auto_04,0.333119,rgb_cluster,false,dataset/depth/00906_depth.png,dataset/rgb/00906_colors.png
00907_depth,scene_auto_07,0.145219,rgb_cluster,true,dataset/depth/00907_depth.png,dataset/rgb/00907_colors.png
00916_depth,scene_auto_02,0.174038,rgb_cluster,false,dataset/depth/00916_depth.png,dataset/rgb/00916_colors.png
00917_depth,scene_auto_03,0.104531,rgb_cluster,true,dataset/depth/00917_depth.png,dataset/rgb/00917_colors.png
00918_depth,scene_auto_07,0.200587,rgb_cluster,false,dataset/depth/00918_depth.png,dataset/rgb/00918_colors.png
00925_depth,scene_auto_06,0.154758,rgb_cluster,false,dataset/depth/00925_depth.png,dataset/rgb/00925_colors.png
00926_depth,scene_auto_05,0.371018,rgb_cluster,false,dataset/depth/00926_depth.png,dataset/rgb/00926_colors.png
00927_depth,scene_auto_02,0.275310,rgb_cluster,false,dataset/depth/00927_depth.png,dataset/rgb/00927_colors.png
00931_depth,scene_auto_05,0.111669,rgb_cluster,true,dataset/depth/00931_depth.png,dataset/rgb/00931_colors.png
00932_depth,scene_auto_04,0.077023,rgb_cluster,true,dataset/depth/00932_depth.png,dataset/rgb/00932_colors.png
00933_depth,scene_auto_00,0.161109,rgb_cluster,false,dataset/depth/00933_depth.png,dataset/rgb/00933_colors.png
00934_depth,scene_auto_05,0.010121,rgb_cluster,true,dataset/depth/00934_depth.png,dataset/rgb/00934_colors.png
00944_depth,scene_auto_05,0.002169,rgb_cluster,true,dataset/depth/00944_depth.png,dataset/rgb/00944_colors.png
00945_depth,scene_auto_05,0.095303,rgb_cluster,true,dataset/depth/00945_depth.png,dataset/rgb/00945_colors.png
00946_depth,scene_auto_04,0.012602,rgb_cluster,true,dataset/depth/00946_depth.png,dataset/rgb/00946_colors.png
00958_depth,scene_auto_06,0.090617,rgb_cluster,true,dataset/depth/00958_depth.png,dataset/rgb/00958_colors.png
00959_depth,scene_auto_02,0.136267,rgb_cluster,true,dataset/depth/00959_depth.png,dataset/rgb/00959_colors.png
00960_depth,scene_auto_02,0.238411,rgb_cluster,false,dataset/depth/00960_depth.png,dataset/rgb/00960_colors.png
00961_depth,scene_auto_05,0.171157,rgb_cluster,false,dataset/depth/00961_depth.png,dataset/rgb/00961_colors.png
00964_depth,scene_auto_03,0.096310,rgb_cluster,true,dataset/depth/00964_depth.png,dataset/rgb/00964_colors.png
00965_depth,scene_auto_02,0.185264,rgb_cluster,false,dataset/depth/00965_depth.png,dataset/rgb/00965_colors.png
00966_depth,scene_auto_03,0.361946,rgb_cluster,false,dataset/depth/00966_depth.png,dataset/rgb/00966_colors.png
00969_depth,scene_auto_05,0.230811,rgb_cluster,false,dataset/depth/00969_depth.png,dataset/rgb/00969_colors.png
00970_depth,scene_auto_05,0.279393,rgb_cluster,false,dataset/depth/00970_depth.png,dataset/rgb/00970_colors.png
00971_depth,scene_auto_02,0.152953,rgb_cluster,false,dataset/depth/00971_depth.png,dataset/rgb/00971_colors.png
00972_depth,scene_auto_02,0.059638,rgb_cluster,true,dataset/depth/00972_depth.png,dataset/rgb/00972_colors.png
00973_depth,scene_auto_05,0.183452,rgb_cluster,false,dataset/depth/00973_depth.png,dataset/rgb/00973_colors.png
00974_depth,scene_auto_00,0.101933,rgb_cluster,true,dataset/depth/00974_depth.png,dataset/rgb/00974_colors.png
00975_depth,scene_auto_01,0.039522,rgb_cluster,true,dataset/depth/00975_depth.png,dataset/rgb/00975_colors.png
00976_depth,scene_auto_04,0.209507,rgb_cluster,false,dataset/depth/00976_depth.png,dataset/rgb/00976_colors.png
00990_depth,scene_auto_02,0.111519,rgb_cluster,true,dataset/depth/00990_depth.png,dataset/rgb/00990_colors.png
00991_depth,scene_auto_02,0.082554,rgb_cluster,true,dataset/depth/00991_depth.png,dataset/rgb/00991_colors.png
00992_depth,scene_auto_02,0.285787,rgb_cluster,false,dataset/depth/00992_depth.png,dataset/rgb/00992_colors.png
00993_depth,scene_auto_03,0.219222,rgb_cluster,false,dataset/depth/00993_depth.png,dataset/rgb/00993_colors.png
00994_depth,scene_auto_03,0.157516,rgb_cluster,false,dataset/depth/00994_depth.png,dataset/rgb/00994_colors.png
01000_depth,scene_auto_05,0.348719,rgb_cluster,false,dataset/depth/01000_depth.png,dataset/rgb/01000_colors.png
01001_depth,scene_auto_05,0.390315,rgb_cluster,false,dataset/depth/01001_depth.png,dataset/rgb/01001_colors.png
01002_depth,scene_auto_05,0.213874,rgb_cluster,false,dataset/depth/01002_depth.png,dataset/rgb/01002_colors.png
01003_depth,scene_auto_00,0.167618,rgb_cluster,false,dataset/depth/01003_depth.png,dataset/rgb/01003_colors.png
01009_depth,scene_auto_07,0.415693,rgb_cluster,false,dataset/depth/01009_depth.png,dataset/rgb/01009_colors.png
01010_depth,scene_auto_04,0.251381,rgb_cluster,false,dataset/depth/01010_depth.png,dataset/rgb/01010_colors.png
01011_depth,scene_auto_00,0.025436,rgb_cluster,true,dataset/depth/01011_depth.png,dataset/rgb/01011_colors.png
01020_depth,scene_auto_06,0.037639,rgb_cluster,true,dataset/depth/01020_depth.png,dataset/rgb/01020_colors.png
01021_depth,scene_auto_06,0.034443,rgb_cluster,true,dataset/depth/01021_depth.png,dataset/rgb/01021_colors.png
01022_depth,scene_auto_06,0.061747,rgb_cluster,true,dataset/depth/01022_depth.png,dataset/rgb/01022_colors.png
01031_depth,scene_auto_00,0.421486,rgb_cluster,false,dataset/depth/01031_depth.png,dataset/rgb/01031_colors.png
01032_depth,scene_auto_05,0.243427,rgb_cluster,false,dataset/depth/01032_depth.png,dataset/rgb/01032_colors.png
01033_depth,scene_auto_05,0.394054,rgb_cluster,false,dataset/depth/01033_depth.png,dataset/rgb/01033_colors.png
01037_depth,scene_auto_01,0.108793,rgb_cluster,true,dataset/depth/01037_depth.png,dataset/rgb/01037_colors.png
01038_depth,scene_auto_05,0.120833,rgb_cluster,true,dataset/depth/01038_depth.png,dataset/rgb/01038_colors.png
01047_depth,scene_auto_02,0.191125,rgb_cluster,false,dataset/depth/01047_depth.png,dataset/rgb/01047_colors.png
01048_depth,scene_auto_02,0.356944,rgb_cluster,false,dataset/depth/01048_depth.png,dataset/rgb/01048_colors.png
01051_depth,scene_auto_06,0.003241,rgb_cluster,true,dataset/depth/01051_depth.png,dataset/rgb/01051_colors.png
01052_depth,scene_auto_05,0.155865,rgb_cluster,false,dataset/depth/01052_depth.png,dataset/rgb/01052_colors.png
01056_depth,scene_auto_06,0.367464,rgb_cluster,false,dataset/depth/01056_depth.png,dataset/rgb/01056_colors.png
01057_depth,scene_auto_01,0.071758,rgb_cluster,true,dataset/depth/01057_depth.png,dataset/rgb/01057_colors.png
01074_depth,scene_auto_05,0.182309,rgb_cluster,false,dataset/depth/01074_depth.png,dataset/rgb/01074_colors.png
01075_depth,scene_auto_05,0.258680,rgb_cluster,false,dataset/depth/01075_depth.png,dataset/rgb/01075_colors.png
01076_depth,scene_auto_04,0.249823,rgb_cluster,false,dataset/depth/01076_depth.png,dataset/rgb/01076_colors.png
01077_depth,scene_auto_00,0.123285,rgb_cluster,true,dataset/depth/01077_depth.png,dataset/rgb/01077_colors.png
01078_depth,scene_auto_07,0.306536,rgb_cluster,false,dataset/depth/01078_depth.png,dataset/rgb/01078_colors.png
01079_depth,scene_auto_05,0.336440,rgb_cluster,false,dataset/depth/01079_depth.png,dataset/rgb/01079_colors.png
01080_depth,scene_auto_05,0.142953,rgb_cluster,true,dataset/depth/01080_depth.png,dataset/rgb/01080_colors.png
01081_depth,scene_auto_04,0.132914,rgb_cluster,true,dataset/depth/01081_depth.png,dataset/rgb/01081_colors.png
01082_depth,scene_auto_05,0.225737,rgb_cluster,false,dataset/depth/01082_depth.png,dataset/rgb/01082_colors.png
01083_depth,scene_auto_07,0.292972,rgb_cluster,false,dataset/depth/01083_depth.png,dataset/rgb/01083_colors.png
01087_depth,scene_auto_03,0.237334,rgb_cluster,false,dataset/depth/01087_depth.png,dataset/rgb/01087_colors.png
01088_depth,scene_auto_02,0.120396,rgb_cluster,true,dataset/depth/01088_depth.png,dataset/rgb/01088_colors.png
01089_depth,scene_auto_03,0.362451,rgb_cluster,false,dataset/depth/01089_depth.png,dataset/rgb/01089_colors.png
01090_depth,scene_auto_04,0.115977,rgb_cluster,true,dataset/depth/01090_depth.png,dataset/rgb/01090_colors.png
01091_depth,scene_auto_07,0.240817,rgb_cluster,false,dataset/depth/01091_depth.png,dataset/rgb/01091_colors.png
01092_depth,scene_auto_02,0.023337,rgb_cluster,true,dataset/depth/01092_depth.png,dataset/rgb/01092_colors.png
01093_depth,scene_auto_03,0.641778,rgb_cluster,false,dataset/depth/01093_depth.png,dataset/rgb/01093_colors.png
01094_depth,scene_auto_03,0.611296,rgb_cluster,false,dataset/depth/01094_depth.png,dataset/rgb/01094_colors.png
01095_depth,scene_auto_03,0.603130,rgb_cluster,false,dataset/depth/01095_depth.png,dataset/rgb/01095_colors.png
01097_depth,scene_auto_00,0.081640,rgb_cluster,true,dataset/depth/01097_depth.png,dataset/rgb/01097_colors.png
01098_depth,scene_auto_00,0.258362,rgb_cluster,false,dataset/depth/01098_depth.png,dataset/rgb/01098_colors.png
01099_depth,scene_auto_05,0.267441,rgb_cluster,false,dataset/depth/01099_depth.png,dataset/rgb/01099_colors.png
01100_depth,scene_auto_05,0.305503,rgb_cluster,false,dataset/depth/01100_depth.png,dataset/rgb/01100_colors.png
01101_depth,scene_auto_05,0.341966,rgb_cluster,false,dataset/depth/01101_depth.png,dataset/rgb/01101_colors.png
01102_depth,scene_auto_02,0.054460,rgb_cluster,true,dataset/depth/01102_depth.png,dataset/rgb/01102_colors.png
01103_depth,scene_auto_05,0.167423,rgb_cluster,false,dataset/depth/01103_depth.png,dataset/rgb/01103_colors.png
01105_depth,scene_auto_06,0.182215,rgb_cluster,false,dataset/depth/01105_depth.png,dataset/rgb/01105_colors.png
01106_depth,scene_auto_07,0.474645,rgb_cluster,false,dataset/depth/01106_depth.png,dataset/rgb/01106_colors.png
01107_depth,scene_auto_06,0.072323,rgb_cluster,true,dataset/depth/01107_depth.png,dataset/rgb/01107_colors.png
01108_depth,scene_auto_05,0.040255,rgb_cluster,true,dataset/depth/01108_depth.png,dataset/rgb/01108_colors.png
01116_depth,scene_auto_01,0.331915,rgb_cluster,false,dataset/depth/01116_depth.png,dataset/rgb/01116_colors.png
01117_depth,scene_auto_01,0.266405,rgb_cluster,false,dataset/depth/01117_depth.png,dataset/rgb/01117_colors.png
01118_depth,scene_auto_06,0.136340,rgb_cluster,true,dataset/depth/01118_depth.png,dataset/rgb/01118_colors.png
01122_depth,scene_auto_03,0.088704,rgb_cluster,true,dataset/depth/01122_depth.png,dataset/rgb/01122_colors.png
01123_depth,scene_auto_03,0.449778,rgb_cluster,false,dataset/depth/01123_depth.png,dataset/rgb/01123_colors.png
01124_depth,scene_auto_03,0.432258,rgb_cluster,false,dataset/depth/01124_depth.png,dataset/rgb/01124_colors.png
01125_depth,scene_auto_02,0.062352,rgb_cluster,true,dataset/depth/01125_depth.png,dataset/rgb/01125_colors.png
01126_depth,scene_auto_05,0.262309,rgb_cluster,false,dataset/depth/01126_depth.png,dataset/rgb/01126_colors.png
01127_depth,scene_auto_05,0.137083,rgb_cluster,true,dataset/depth/01127_depth.png,dataset/rgb/01127_colors.png
01128_depth,scene_auto_03,0.278566,rgb_cluster,false,dataset/depth/01128_depth.png,dataset/rgb/01128_colors.png
01129_depth,scene_auto_03,0.502449,rgb_cluster,false,dataset/depth/01129_depth.png,dataset/rgb/01129_colors.png
01130_depth,scene_auto_02,0.039698,rgb_cluster,true,dataset/depth/01130_depth.png,dataset/rgb/01130_colors.png
01134_depth,scene_auto_03,0.510225,rgb_cluster,false,dataset/depth/01134_depth.png,dataset/rgb/01134_colors.png
01135_depth,scene_auto_03,0.610083,rgb_cluster,false,dataset/depth/01135_depth.png,dataset/rgb/01135_colors.png
01143_depth,scene_auto_02,0.252226,rgb_cluster,false,dataset/depth/01143_depth.png,dataset/rgb/01143_colors.png
01144_depth,scene_auto_05,0.195313,rgb_cluster,false,dataset/depth/01144_depth.png,dataset/rgb/01144_colors.png
01145_depth,scene_auto_05,0.299670,rgb_cluster,false,dataset/depth/01145_depth.png,dataset/rgb/01145_colors.png
01146_depth,scene_auto_01,0.291627,rgb_cluster,false,dataset/depth/01146_depth.png,dataset/rgb/01146_colors.png
01147_depth,scene_auto_07,0.143431,rgb_cluster,true,dataset/depth/01147_depth.png,dataset/rgb/01147_colors.png
01148_depth,scene_auto_03,0.511422,rgb_cluster,false,dataset/depth/01148_depth.png,dataset/rgb/01148_colors.png
01149_depth,scene_auto_00,0.161219,rgb_cluster,false,dataset/depth/01149_depth.png,dataset/rgb/01149_colors.png
01150_depth,scene_auto_07,0.243214,rgb_cluster,false,dataset/depth/01150_depth.png,dataset/rgb/01150_colors.png
01151_depth,scene_auto_06,0.195231,rgb_cluster,false,dataset/depth/01151_depth.png,dataset/rgb/01151_colors.png
01152_depth,scene_auto_02,0.187006,rgb_cluster,false,dataset/depth/01152_depth.png,dataset/rgb/01152_colors.png
01153_depth,scene_auto_02,0.163940,rgb_cluster,false,dataset/depth/01153_depth.png,dataset/rgb/01153_colors.png
01154_depth,scene_auto_03,0.376724,rgb_cluster,false,dataset/depth/01154_depth.png,dataset/rgb/01154_colors.png
01155_depth,scene_auto_02,0.030623,rgb_cluster,true,dataset/depth/01155_depth.png,dataset/rgb/01155_colors.png
01156_depth,scene_auto_06,0.067373,rgb_cluster,true,dataset/depth/01156_depth.png,dataset/rgb/01156_colors.png
01157_depth,scene_auto_06,0.043869,rgb_cluster,true,dataset/depth/01157_depth.png,dataset/rgb/01157_colors.png
01161_depth,scene_auto_02,0.042051,rgb_cluster,true,dataset/depth/01161_depth.png,dataset/rgb/01161_colors.png
01162_depth,scene_auto_06,0.046037,rgb_cluster,true,dataset/depth/01162_depth.png,dataset/rgb/01162_colors.png
01163_depth,scene_auto_00,0.357595,rgb_cluster,false,dataset/depth/01163_depth.png,dataset/rgb/01163_colors.png
01164_depth,scene_auto_02,0.079647,rgb_cluster,true,dataset/depth/01164_depth.png,dataset/rgb/01164_colors.png
01165_depth,scene_auto_06,0.088114,rgb_cluster,true,dataset/depth/01165_depth.png,dataset/rgb/01165_colors.png
01166_depth,scene_auto_03,0.314642,rgb_cluster,false,dataset/depth/01166_depth.png,dataset/rgb/01166_colors.png
01169_depth,scene_auto_03,0.115029,rgb_cluster,true,dataset/depth/01169_depth.png,dataset/rgb/01169_colors.png
01170_depth,scene_auto_02,0.015081,rgb_cluster,true,dataset/depth/01170_depth.png,dataset/rgb/01170_colors.png
01173_depth,scene_auto_07,0.026601,rgb_cluster,true,dataset/depth/01173_depth.png,dataset/rgb/01173_colors.png
01174_depth,scene_auto_06,0.085392,rgb_cluster,true,dataset/depth/01174_depth.png,dataset/rgb/01174_colors.png
01175_depth,scene_auto_07,0.363876,rgb_cluster,false,dataset/depth/01175_depth.png,dataset/rgb/01175_colors.png
01178_depth,scene_auto_05,0.042717,rgb_cluster,true,dataset/depth/01178_depth.png,dataset/rgb/01178_colors.png
01179_depth,scene_auto_02,0.098736,rgb_cluster,true,dataset/depth/01179_depth.png,dataset/rgb/01179_colors.png
01180_depth,scene_auto_05,0.286746,rgb_cluster,false,dataset/depth/01180_depth.png,dataset/rgb/01180_colors.png
01181_depth,scene_auto_05,0.260156,rgb_cluster,false,dataset/depth/01181_depth.png,dataset/rgb/01181_colors.png
01182_depth,scene_auto_02,0.346266,rgb_cluster,false,dataset/depth/01182_depth.png,dataset/rgb/01182_colors.png
01183_depth,scene_auto_05,0.315142,rgb_cluster,false,dataset/depth/01183_depth.png,dataset/rgb/01183_colors.png
01191_depth,scene_auto_02,0.064412,rgb_cluster,true,dataset/depth/01191_depth.png,dataset/rgb/01191_colors.png
01192_depth,scene_auto_03,0.228395,rgb_cluster,false,dataset/depth/01192_depth.png,dataset/rgb/01192_colors.png
01193_depth,scene_auto_02,0.099210,rgb_cluster,true,dataset/depth/01193_depth.png,dataset/rgb/01193_colors.png
01194_depth,scene_auto_06,0.044665,rgb_cluster,true,dataset/depth/01194_depth.png,dataset/rgb/01194_colors.png
01195_depth,scene_auto_07,0.167827,rgb_cluster,false,dataset/depth/01195_depth.png,dataset/rgb/01195_colors.png
01200_depth,scene_auto_06,0.194151,rgb_cluster,false,dataset/depth/01200_depth.png,dataset/rgb/01200_colors.png
01201_depth,scene_auto_01,0.388327,rgb_cluster,false,dataset/depth/01201_depth.png,dataset/rgb/01201_colors.png
01202_depth,scene_auto_06,0.092068,rgb_cluster,true,dataset/depth/01202_depth.png,dataset/rgb/01202_colors.png
01203_depth,scene_auto_06,0.115775,rgb_cluster,true,dataset/depth/01203_depth.png,dataset/rgb/01203_colors.png
01204_depth,scene_auto_02,0.228494,rgb_cluster,false,dataset/depth/01204_depth.png,dataset/rgb/01204_colors.png
01205_depth,scene_auto_00,0.019295,rgb_cluster,true,dataset/depth/01205_depth.png,dataset/rgb/01205_colors.png
01206_depth,scene_auto_00,0.174975,rgb_cluster,false,dataset/depth/01206_depth.png,dataset/rgb/01206_colors.png
01207_depth,scene_auto_05,0.232544,rgb_cluster,false,dataset/depth/01207_depth.png,dataset/rgb/01207_colors.png
01208_depth,scene_auto_06,0.061996,rgb_cluster,true,dataset/depth/01208_depth.png,dataset/rgb/01208_colors.png
01209_depth,scene_auto_06,0.289006,rgb_cluster,false,dataset/depth/01209_depth.png,dataset/rgb/01209_colors.png
01210_depth,scene_auto_06,0.231204,rgb_cluster,false,dataset/depth/01210_depth.png,dataset/rgb/01210_colors.png
01211_depth,scene_auto_02,0.216795,rgb_cluster,false,dataset/depth/01211_depth.png,dataset/rgb/01211_colors.png
01215_depth,scene_auto_05,0.411584,rgb_cluster,false,dataset/depth/01215_depth.png,dataset/rgb/01215_colors.png
01216_depth,scene_auto_04,0.309051,rgb_cluster,false,dataset/depth/01216_depth.png,dataset/rgb/01216_colors.png
01217_depth,scene_auto_04,0.257926,rgb_cluster,false,dataset/depth/01217_depth.png,dataset/rgb/01217_colors.png
01218_depth,scene_auto_05,0.269326,rgb_cluster,false,dataset/depth/01218_depth.png,dataset/rgb/01218_colors.png
01219_depth,scene_auto_05,0.018204,rgb_cluster,true,dataset/depth/01219_depth.png,dataset/rgb/01219_colors.png
01225_depth,scene_auto_03,0.419750,rgb_cluster,false,dataset/depth/01225_depth.png,dataset/rgb/01225_colors.png
01226_depth,scene_auto_02,0.019873,rgb_cluster,true,dataset/depth/01226_depth.png,dataset/rgb/01226_colors.png
01227_depth,scene_auto_03,0.322691,rgb_cluster,false,dataset/depth/01227_depth.png,dataset/rgb/01227_colors.png
01228_depth,scene_auto_02,0.037937,rgb_cluster,true,dataset/depth/01228_depth.png,dataset/rgb/01228_colors.png
01229_depth,scene_auto_03,0.565977,rgb_cluster,false,dataset/depth/01229_depth.png,dataset/rgb/01229_colors.png
01232_depth,scene_auto_02,0.186408,rgb_cluster,false,dataset/depth/01232_depth.png,dataset/rgb/01232_colors.png
01233_depth,scene_auto_03,0.255037,rgb_cluster,false,dataset/depth/01233_depth.png,dataset/rgb/01233_colors.png
01234_depth,scene_auto_02,0.224577,rgb_cluster,false,dataset/depth/01234_depth.png,dataset/rgb/01234_colors.png
01246_depth,scene_auto_07,0.166163,rgb_cluster,false,dataset/depth/01246_depth.png,dataset/rgb/01246_colors.png
01247_depth,scene_auto_05,0.043351,rgb_cluster,true,dataset/depth/01247_depth.png,dataset/rgb/01247_colors.png
01248_depth,scene_auto_04,0.146967,rgb_cluster,true,dataset/depth/01248_depth.png,dataset/rgb/01248_colors.png
01249_depth,scene_auto_01,0.017799,rgb_cluster,true,dataset/depth/01249_depth.png,dataset/rgb/01249_colors.png
01253_depth,scene_auto_00,0.016061,rgb_cluster,true,dataset/depth/01253_depth.png,dataset/rgb/01253_colors.png
01254_depth,scene_auto_04,0.033989,rgb_cluster,true,dataset/depth/01254_depth.png,dataset/rgb/01254_colors.png
01255_depth,scene_auto_07,0.292234,rgb_cluster,false,dataset/depth/01255_depth.png,dataset/rgb/01255_colors.png
01256_depth,scene_auto_06,0.150625,rgb_cluster,false,dataset/depth/01256_depth.png,dataset/rgb/01256_colors.png
01257_depth,scene_auto_06,0.224897,rgb_cluster,false,dataset/depth/01257_depth.png,dataset/rgb/01257_colors.png
01258_depth,scene_auto_01,0.030388,rgb_cluster,true,dataset/depth/01258_depth.png,dataset/rgb/01258_colors.png
01259_depth,scene_auto_04,0.107903,rgb_cluster,true,dataset/depth/01259_depth.png,dataset/rgb/01259_colors.png
01260_depth,scene_auto_04,0.410331,rgb_cluster,false,dataset/depth/01260_depth.png,dataset/rgb/01260_colors.png
01261_depth,scene_auto_04,0.193295,rgb_cluster,false,dataset/depth/01261_depth.png,dataset/rgb/01261_colors.png
01262_depth,scene_auto_00,0.069811,rgb_cluster,true,dataset/depth/01262_depth.png,dataset/rgb/01262_colors.png
01263_depth,scene_auto_01,0.289675,rgb_cluster,false,dataset/depth/01263_depth.png,dataset/rgb/01263_colors.png
01264_depth,scene_auto_06,0.125150,rgb_cluster,true,dataset/depth/01264_depth.png,dataset/rgb/01264_colors.png
01274_depth,scene_auto_01,0.174474,rgb_cluster,false,dataset/depth/01274_depth.png,dataset/rgb/01274_colors.png
01275_depth,scene_auto_04,0.320126,rgb_cluster,false,dataset/depth/01275_depth.png,dataset/rgb/01275_colors.png
01276_depth,scene_auto_07,0.272385,rgb_cluster,false,dataset/depth/01276_depth.png,dataset/rgb/01276_colors.png
01277_depth,scene_auto_05,0.260425,rgb_cluster,false,dataset/depth/01277_depth.png,dataset/rgb/01277_colors.png
01278_depth,scene_auto_01,0.399435,rgb_cluster,false,dataset/depth/01278_depth.png,dataset/rgb/01278_colors.png
01279_depth,scene_auto_06,0.163870,rgb_cluster,false,dataset/depth/01279_depth.png,dataset/rgb/01279_colors.png
01284_depth,scene_auto_05,0.373744,rgb_cluster,false,dataset/depth/01284_depth.png,dataset/rgb/01284_colors.png
01285_depth,scene_auto_00,0.381595,rgb_cluster,false,dataset/depth/01285_depth.png,dataset/rgb/01285_colors.png
01286_depth,scene_auto_00,0.273133,rgb_cluster,false,dataset/depth/01286_depth.png,dataset/rgb/01286_colors.png
01287_depth,scene_auto_04,0.262616,rgb_cluster,false,dataset/depth/01287_depth.png,dataset/rgb/01287_colors.png
01288_depth,scene_auto_03,0.123910,rgb_cluster,true,dataset/depth/01288_depth.png,dataset/rgb/01288_colors.png
01289_depth,scene_auto_02,0.205079,rgb_cluster,false,dataset/depth/01289_depth.png,dataset/rgb/01289_colors.png
01290_depth,scene_auto_01,0.056786,rgb_cluster,true,dataset/depth/01290_depth.png,dataset/rgb/01290_colors.png
01291_depth,scene_auto_05,0.152807,rgb_cluster,false,dataset/depth/01291_depth.png,dataset/rgb/01291_colors.png
01292_depth,scene_auto_06,0.038572,rgb_cluster,true,dataset/depth/01292_depth.png,dataset/rgb/01292_colors.png
01293_depth,scene_auto_06,0.287328,rgb_cluster,false,dataset/depth/01293_depth.png,dataset/rgb/01293_colors.png
01294_depth,scene_auto_05,0.149518,rgb_cluster,true,dataset/depth/01294_depth.png,dataset/rgb/01294_colors.png
01296_depth,scene_auto_05,0.031691,rgb_cluster,true,dataset/depth/01296_depth.png,dataset/rgb/01296_colors.png
01297_depth,scene_auto_01,0.287015,rgb_cluster,false,dataset/depth/01297_depth.png,dataset/rgb/01297_colors.png
01298_depth,scene_auto_07,0.072543,rgb_cluster,true,dataset/depth/01298_depth.png,dataset/rgb/01298_colors.png
01301_depth,scene_auto_04,0.174754,rgb_cluster,false,dataset/depth/01301_depth.png,dataset/rgb/01301_colors.png
01302_depth,scene_auto_04,0.037385,rgb_cluster,true,dataset/depth/01302_depth.png,dataset/rgb/01302_colors.png
01303_depth,scene_auto_00,0.417816,rgb_cluster,false,dataset/depth/01303_depth.png,dataset/rgb/01303_colors.png
01304_depth,scene_auto_00,0.240263,rgb_cluster,false,dataset/depth/01304_depth.png,dataset/rgb/01304_colors.png
01305_depth,scene_auto_07,0.214567,rgb_cluster,false,dataset/depth/01305_depth.png,dataset/rgb/01305_colors.png
01306_depth,scene_auto_00,0.258821,rgb_cluster,false,dataset/depth/01306_depth.png,dataset/rgb/01306_colors.png
01307_depth,scene_auto_03,0.041748,rgb_cluster,true,dataset/depth/01307_depth.png,dataset/rgb/01307_colors.png
01313_depth,scene_auto_04,0.027775,rgb_cluster,true,dataset/depth/01313_depth.png,dataset/rgb/01313_colors.png
01314_depth,scene_auto_06,0.220810,rgb_cluster,false,dataset/depth/01314_depth.png,dataset/rgb/01314_colors.png
01328_depth,scene_auto_02,0.113486,rgb_cluster,true,dataset/depth/01328_depth.png,dataset/rgb/01328_colors.png
01329_depth,scene_auto_04,0.016539,rgb_cluster,true,dataset/depth/01329_depth.png,dataset/rgb/01329_colors.png
01330_depth,scene_auto_07,0.349759,rgb_cluster,false,dataset/depth/01330_depth.png,dataset/rgb/01330_colors.png
01331_depth,scene_auto_04,0.361717,rgb_cluster,false,dataset/depth/01331_depth.png,dataset/rgb/01331_colors.png
01334_depth,scene_auto_06,0.140029,rgb_cluster,true,dataset/depth/01334_depth.png,dataset/rgb/01334_colors.png
01335_depth,scene_auto_06,0.182868,rgb_cluster,false,dataset/depth/01335_depth.png,dataset/rgb/01335_colors.png
01336_depth,scene_auto_05,0.319145,rgb_cluster,false,dataset/depth/01336_depth.png,dataset/rgb/01336_colors.png
01337_depth,scene_auto_01,0.091453,rgb_cluster,true,dataset/depth/01337_depth.png,dataset/rgb/01337_colors.png
01338_depth,scene_auto_00,0.059497,rgb_cluster,true,dataset/depth/01338_depth.png,dataset/rgb/01338_colors.png
01339_depth,scene_auto_00,0.190665,rgb_cluster,false,dataset/depth/01339_depth.png,dataset/rgb/01339_colors.png
01346_depth,scene_auto_04,0.203118,rgb_cluster,false,dataset/depth/01346_depth.png,dataset/rgb/01346_colors.png
01347_depth,scene_auto_05,0.062305,rgb_cluster,true,dataset/depth/01347_depth.png,dataset/rgb/01347_colors.png
01348_depth,scene_auto_04,0.348390,rgb_cluster,false,dataset/depth/01348_depth.png,dataset/rgb/01348_colors.png
01352_depth,scene_auto_06,0.029841,rgb_cluster,true,dataset/depth/01352_depth.png,dataset/rgb/01352_colors.png
01353_depth,scene_auto_02,0.231691,rgb_cluster,false,dataset/depth/01353_depth.png,dataset/rgb/01353_colors.png
01354_depth,scene_auto_02,0.249944,rgb_cluster,false,dataset/depth/01354_depth.png,dataset/rgb/01354_colors.png
01355_depth,scene_auto_02,0.277070,rgb_cluster,false,dataset/depth/01355_depth.png,dataset/rgb/01355_colors.png
01363_depth,scene_auto_06,0.402849,rgb_cluster,false,dataset/depth/01363_depth.png,dataset/rgb/01363_colors.png
01364_depth,scene_auto_02,0.240344,rgb_cluster,false,dataset/depth/01364_depth.png,dataset/rgb/01364_colors.png
01367_depth,scene_auto_01,0.111044,rgb_cluster,true,dataset/depth/01367_depth.png,dataset/rgb/01367_colors.png
01368_depth,scene_auto_04,0.053532,rgb_cluster,true,dataset/depth/01368_depth.png,dataset/rgb/01368_colors.png
01383_depth,scene_auto_01,0.331210,rgb_cluster,false,dataset/depth/01383_depth.png,dataset/rgb/01383_colors.png
01384_depth,scene_auto_04,0.176019,rgb_cluster,false,dataset/depth/01384_depth.png,dataset/rgb/01384_colors.png
01385_depth,scene_auto_00,0.051533,rgb_cluster,true,dataset/depth/01385_depth.png,dataset/rgb/01385_colors.png
01386_depth,scene_auto_02,0.122423,rgb_cluster,true,dataset/depth/01386_depth.png,dataset/rgb/01386_colors.png
01387_depth,scene_auto_02,0.025839,rgb_cluster,true,dataset/depth/01387_depth.png,dataset/rgb/01387_colors.png
01388_depth,scene_auto_02,0.284210,rgb_cluster,false,dataset/depth/01388_depth.png,dataset/rgb/01388_colors.png
01389_depth,scene_auto_05,0.458331,rgb_cluster,false,dataset/depth/01389_depth.png,dataset/rgb/01389_colors.png
01390_depth,scene_auto_06,0.096806,rgb_cluster,true,dataset/depth/01390_depth.png,dataset/rgb/01390_colors.png
01393_depth,scene_auto_04,0.198190,rgb_cluster,false,dataset/depth/01393_depth.png,dataset/rgb/01393_colors.png
01394_depth,scene_auto_07,0.158950,rgb_cluster,false,dataset/depth/01394_depth.png,dataset/rgb/01394_colors.png
01395_depth,scene_auto_06,0.309466,rgb_cluster,false,dataset/depth/01395_depth.png,dataset/rgb/01395_colors.png
01396_depth,scene_auto_02,0.190862,rgb_cluster,false,dataset/depth/01396_depth.png,dataset/rgb/01396_colors.png
01397_depth,scene_auto_02,0.202654,rgb_cluster,false,dataset/depth/01397_depth.png,dataset/rgb/01397_colors.png
01398_depth,scene_auto_02,0.179280,rgb_cluster,false,dataset/depth/01398_depth.png,dataset/rgb/01398_colors.png
01399_depth,scene_auto_05,0.137599,rgb_cluster,true,dataset/depth/01399_depth.png,dataset/rgb/01399_colors.png
01400_depth,scene_auto_06,0.015521,rgb_cluster,true,dataset/depth/01400_depth.png,dataset/rgb/01400_colors.png
01406_depth,scene_auto_00,0.134102,rgb_cluster,true,dataset/depth/01406_depth.png,dataset/rgb/01406_colors.png
01407_depth,scene_auto_00,0.125958,rgb_cluster,true,dataset/depth/01407_depth.png,dataset/rgb/01407_colors.png
01408_depth,scene_auto_04,0.263884,rgb_cluster,false,dataset/depth/01408_depth.png,dataset/rgb/01408_colors.png
01409_depth,scene_auto_04,0.238285,rgb_cluster,false,dataset/depth/01409_depth.png,dataset/rgb/01409_colors.png
01410_depth,scene_auto_01,0.153026,rgb_cluster,false,dataset/depth/01410_depth.png,dataset/rgb/01410_colors.png
01411_depth,scene_auto_01,0.022140,rgb_cluster,true,dataset/depth/01411_depth.png,dataset/rgb/01411_colors.png
01412_depth,scene_auto_07,0.523153,rgb_cluster,false,dataset/depth/01412_depth.png,dataset/rgb/01412_colors.png
01413_depth,scene_auto_01,0.143121,rgb_cluster,true,dataset/depth/01413_depth.png,dataset/rgb/01413_colors.png
01420_depth,scene_auto_05,0.079446,rgb_cluster,true,dataset/depth/01420_depth.png,dataset/rgb/01420_colors.png
01421_depth,scene_auto_02,0.053200,rgb_cluster,true,dataset/depth/01421_depth.png,dataset/rgb/01421_colors.png
01422_depth,scene_auto_03,0.034158,rgb_cluster,true,dataset/depth/01422_depth.png,dataset/rgb/01422_colors.png
01423_depth,scene_auto_02,0.102014,rgb_cluster,true,dataset/depth/01423_depth.png,dataset/rgb/01423_colors.png
01429_depth,scene_auto_03,0.368680,rgb_cluster,false,dataset/depth/01429_depth.png,dataset/rgb/01429_colors.png
01430_depth,scene_auto_02,0.038809,rgb_cluster,true,dataset/depth/01430_depth.png,dataset/rgb/01430_colors.png
01431_depth,scene_auto_03,0.148271,rgb_cluster,true,dataset/depth/01431_depth.png,dataset/rgb/01431_colors.png
01432_depth,scene_auto_02,0.160837,rgb_cluster,false,dataset/depth/01432_depth.png,dataset/rgb/01432_colors.png
01440_depth,scene_auto_07,0.010493,rgb_cluster,true,dataset/depth/01440_depth.png,dataset/rgb/01440_colors.png
01441_depth,scene_auto_05,0.152445,rgb_cluster,false,dataset/depth/01441_depth.png,dataset/rgb/01441_colors.png
01442_depth,scene_auto_05,0.069966,rgb_cluster,true,dataset/depth/01442_depth.png,dataset/rgb/01442_colors.png
01443_depth,scene_auto_02,0.140154,rgb_cluster,true,dataset/depth/01443_depth.png,dataset/rgb/01443_colors.png
01444_depth,scene_auto_02,0.040895,rgb_cluster,true,dataset/depth/01444_depth.png,dataset/rgb/01444_colors.png
01445_depth,scene_auto_06,0.249262,rgb_cluster,false,dataset/depth/01445_depth.png,dataset/rgb/01445_colors.png
01446_depth,scene_auto_06,0.356120,rgb_cluster,false,dataset/depth/01446_depth.png,dataset/rgb/01446_colors.png
01447_depth,scene_auto_06,0.255630,rgb_cluster,false,dataset/depth/01447_depth.png,dataset/rgb/01447_colors.png
01448_depth,scene_auto_06,0.245666,rgb_cluster,false,dataset/depth/01448_depth.png,dataset/rgb/01448_colors.png
